{"feature_names": ["box_height_0", "color_success_0", "fgGray_same", "fgRgb_same", "first_2_char_confidence", "first_3_char_confidence", "horizontal_distance", "j_first", "j_last", "last_1_char_confidence", "last_3_char_confidence", "len_1", "width_ratio_chars_0", "width_ratio_px_1"], "means": [41.99655996177735, 0.9995222169135213, 0.9379837553750597, 0.9316770186335404, 0.7856148491225513, 0.7963274919095394, -0.7397993311036789, 0.5891065456282848, 0.5631151457238414, 0.7280459302436694, 0.7903321633038697, 22.39168657429527, 0.7343031942125036, 0.7286035157587153], "output_labels": ["CONCAT", "HYPHEN", "NEWLINE", "SPACE"], "scales": [7.6035541024496895, 0.02185302747449454, 0.2411850534912142, 0.2522993293365205, 0.14984052019744948, 0.14339695323762855, 6.182512161314852, 0.4919959588514873, 0.4960004822379292, 0.14811933639294766, 0.1015799988185363, 11.803072298916536, 0.32382871210758024, 0.3146351509056337]}
